[{
  "_id": {
    "$oid": "5fd878767ad40d36f88b4219"
  },
  "images": "https://www.lebanoninapicture.com/Prv/Images/Pages/Page_62295/insta_11-20-2016-10-47-14-am-m.jpg",
  "title": "Zaatar w Bhar",
  "Products": [
    {
      "discountedPrice": 500,
      "_id": {
        "$oid": "5fd878767ad40d36f88b421a"
      },
      "name": "Manakish",
      "expiryDate": "2020-11-18",
      "productImg": "https://www.maureenabood.com/wp-content/uploads/2013/02/Manoushe-2-Maureen-Abood.jpg"
    },
    {
      "discountedPrice": 3500,
      "_id": {
        "$oid": "5fd878767ad40d36f88b421b"
      },
      "name": "Knefe",
      "expiryDate": "2020-11-16",
      "productImg": "https://cdn.nogarlicnoonions.com/images/thumbs/image.php/image_74ce75d8b27e70eadba0b3d4949af52d.jpg?width=2000&height=2000&image=/images/articles/2020-04/knefeh-nogarlicnoonions-372020-04-22-02-41-54.jpeg"
    },
    {
      "discountedPrice": 6500,
      "_id": {
        "$oid": "5fd878767ad40d36f88b421c"
      },
      "name": "Chicken Sandwish",
      "expiryDate": "2020-11-15",
      "productImg": "https://food.fnr.sndimg.com/content/dam/images/food/fullset/2010/6/8/0/FNM_070110-Copy-That-002_s4x3.jpg.rend.hgtvcom.616.462.suffix/1382539317193.jpeg"
    },
    {
      "discountedPrice": 4999,
      "_id": {
        "$oid": "5fd878767ad40d36f88b421d"
      },
      "name": "Salad ",
      "expiryDate": "2020-11-12",
      "productImg": "https://recipes.heart.org/-/media/aha/recipe/recipe-images/mediterranean-salad.jpg?h=636&la=en&mw=890&w=890&hash=8A95325FBD7890C243CFD1124CFBA7FA090E181B"
    }
  ],
  "createdAt": {
    "$date": "2020-12-15T08:48:54.703Z"
  },
  "updatedAt": {
    "$date": "2020-12-15T08:48:54.703Z"
  },
  "__v": 0
},{
  "_id": {
    "$oid": "5fd878767ad40d36f88b4225"
  },
  "images": "https://tr-images.condecdn.net/image/5JEY2NDxoZg/crop/2040/f/cntlabneh-april2019issue-apr19-stuart-ovenden.jpg",
  "title": "Falafelna",
  "Products": [
    {
      "discountedPrice": 2500,
      "_id": {
        "$oid": "5fd878767ad40d36f88b4226"
      },
      "name": "Falafel Sandwich",
      "expiryDate": "2020-11-13",
      "productImg": "https://pulses.org/images/com_yoorecipe/cropped-Lebanon_falafel--2.jpg"
    },
    {
      "discountedPrice": 3500,
      "_id": {
        "$oid": "5fd878767ad40d36f88b4227"
      },
      "name": "Hemous",
      "expiryDate": "2020-11-13",
      "productImg": "https://kitchen.sayidaty.net/uploads/small/71/710cfe43791e20c6641d81103a484270_w750_h500.jpg"
    },
    {
      "discountedPrice": 3000,
      "_id": {
        "$oid": "5fd878767ad40d36f88b4228"
      },
      "name": "Fatter",
      "expiryDate": "2020-11-13",
      "productImg": "https://kitchen.sayidaty.net/uploads/small/26/26cf0b244730b8cd75b5199a9b10364f_w750_h500.jpg"
    },
    {
      "discountedPrice": 2000,
      "_id": {
        "$oid": "5fd878767ad40d36f88b4229"
      },
      "name": "Fries",
      "expiryDate": "2020-11-08",
      "productImg": "https://www.thedailymeal.com/sites/default/files/story/2018/fries-istock_crop.jpg"
    },
    {
      "discountedPrice": 5500,
      "_id": {
        "$oid": "5fd878767ad40d36f88b422a"
      },
      "name": "Salad",
      "expiryDate": "2020-11-05",
      "productImg": "https://assets.afcdn.com/recipe/20190704/94666_w1024h768c1cx2689cy1920.webp"
    }
  ],
  "createdAt": {
    "$date": "2020-12-15T08:48:54.705Z"
  },
  "updatedAt": {
    "$date": "2020-12-15T08:48:54.705Z"
  },
  "__v": 0
},{
  "_id": {
    "$oid": "5fd878767ad40d36f88b422b"
  },
  "images": "https://i.pinimg.com/originals/5f/93/03/5f9303c8a1127f572b061c7632bb3d77.jpg",
  "title": "Burger Queen",
  "Products": [
    {
      "discountedPrice": 6500,
      "_id": {
        "$oid": "5fd878767ad40d36f88b422c"
      },
      "name": "Burger",
      "expiryDate": "2020-11-13",
      "productImg": "https://www.nogarlicnoonions.com/images/article_images/old/best-burgers-lebanon-nogarlicnoonions162014-10-26-09-42-15.jpg"
    },
    {
      "discountedPrice": 4500,
      "_id": {
        "$oid": "5fd878767ad40d36f88b422d"
      },
      "name": "Nuggets",
      "expiryDate": "2020-11-11",
      "productImg": "https://www.nawrasseafood.com/wp-content/uploads/2017/12/chicken-nuggets.jpg"
    },
    {
      "discountedPrice": 8500,
      "_id": {
        "$oid": "5fd878767ad40d36f88b422e"
      },
      "name": "Salad",
      "expiryDate": "2020-11-09",
      "productImg": "https://spoonuniversity.com/wp-content/uploads/sites/216/2016/04/2d30a3f372d2c0a2cf5eb05e7b66ff25.jpg"
    }
  ],
  "createdAt": {
    "$date": "2020-12-15T08:48:54.705Z"
  },
  "updatedAt": {
    "$date": "2020-12-15T08:48:54.705Z"
  },
  "__v": 0
},{
  "_id": {
    "$oid": "5fd878767ad40d36f88b422f"
  },
  "images": "https://www.thespruceeats.com/thmb/csKei5geFog_oXAe87bNvgTRD0U=/1636x1161/filters:no_upscale():max_bytes(150000):strip_icc()/Fotolia_64296972_M-56a993e65f9b58b7d0fcef33.jpg",
  "title": "Mashawi",
  "Products": [
    {
      "discountedPrice": 27500,
      "_id": {
        "$oid": "5fd878767ad40d36f88b4230"
      },
      "name": "grilled meet",
      "expiryDate": "2020-11-13",
      "productImg": "https://img.atyabtabkha.com/626xDxGlLHeojN628USA-_FKnyQ=/0x0/smart/https://harmony-assets-live.s3.amazonaws.com/image_source/52/a3/52a3da82028642c5d095f69d999cbe9bc998bb63.jpg"
    },
    {
      "discountedPrice": 14500,
      "_id": {
        "$oid": "5fd878767ad40d36f88b4231"
      },
      "name": "Tawook",
      "expiryDate": "2020-11-11",
      "productImg": "https://img-global.cpcdn.com/recipes/fc244d513137e20c/1200x630cq70/photo.jpg"
    },
    {
      "discountedPrice": 6500,
      "_id": {
        "$oid": "5fd878767ad40d36f88b4232"
      },
      "name": "Meat Shawarma",
      "expiryDate": "2020-11-08",
      "productImg": "https://cookingtheglobe.com/wp-content/uploads/2016/07/beef-shawarma.jpg"
    },
    {
      "discountedPrice": 5500,
      "_id": {
        "$oid": "5fd878767ad40d36f88b4233"
      },
      "name": "Chicken Shawarma",
      "expiryDate": "2020-11-06",
      "productImg": "https://i-exc.ccm2.net/iex/1280/1145143113/1064457.jpg"
    },
    {
      "discountedPrice": 5500,
      "_id": {
        "$oid": "5fd878767ad40d36f88b4234"
      },
      "name": "’Mashawi Mshakal",
      "expiryDate": "2020-11-06",
      "productImg": "https://hsaa.hsobjects.com/h/restaurants/android_cover_photos/000/008/156/a116796f6b6dd58ce7905b6947fbef2d-large.jpg"
    },
    {
      "discountedPrice": 8500,
      "_id": {
        "$oid": "5fd878767ad40d36f88b4235"
      },
      "name": "Sausage",
      "expiryDate": "2020-11-09",
      "productImg": "https://d2j8k8fxwhe17j.cloudfront.net/images/slider/%D9%86%D9%82%D8%A7%D9%86%D9%82-%D8%A7%D9%84%D9%84%D8%AD%D9%85-%D8%A7%D9%84%D9%85%D9%82%D9%84%D9%8A%D8%A9.jpeg"
    }
  ],
  "createdAt": {
    "$date": "2020-12-15T08:48:54.705Z"
  },
  "updatedAt": {
    "$date": "2020-12-15T08:48:54.705Z"
  },
  "__v": 0
},{
  "_id": {
    "$oid": "5fd878767ad40d36f88b4236"
  },
  "images": "https://www.abestfashion.com/wp-content/uploads/2019/09/Online-Food-Delivery-Takeaway.jpg",
  "title": "Home Made",
  "Products": [
    {
      "discountedPrice": 12500,
      "_id": {
        "$oid": "5fd878767ad40d36f88b4237"
      },
      "name": "Burger plat",
      "expiryDate": "2020-11-11",
      "productImg": "https://i1.wp.com/www.eatthis.com/wp-content/uploads/2019/09/shake-shack-sauce-recipe-3.jpg?fit=1200%2C879&ssl=1"
    },
    {
      "discountedPrice": 10000,
      "_id": {
        "$oid": "5fd878767ad40d36f88b4238"
      },
      "name": "Chicken Sandwish",
      "expiryDate": "2020-11-09",
      "productImg": "https://veganfoodlover.com/wp-content/uploads/2017/05/vegan-mcdonalds-crispy-chicken-sandwich-recipe.jpg"
    },
    {
      "discountedPrice": 16500,
      "_id": {
        "$oid": "5fd878767ad40d36f88b4239"
      },
      "name": "lassaagne",
      "expiryDate": "2020-11-10",
      "productImg": "https://i1.wp.com/foodforayear.com/wp-content/uploads/2015/07/image238.jpg?fit=3264%2C2448&ssl=1"
    },
    {
      "discountedPrice": 5500,
      "_id": {
        "$oid": "5fd878767ad40d36f88b423a"
      },
      "name": "Pizza",
      "expiryDate": "2020-11-16",
      "productImg": "https://www.superhealthykids.com/wp-content/uploads/2019/08/July-Recipes-26.jpg"
    },
    {
      "discountedPrice": 7500,
      "_id": {
        "$oid": "5fd878767ad40d36f88b423b"
      },
      "name": "Italian Submarine",
      "expiryDate": "2020-11-06",
      "productImg": "https://prods3.imgix.net/images/articles/2017_04/Feature-restaurant-butcher-bakery-shops2.jpg"
    },
    {
      "discountedPrice": 800,
      "_id": {
        "$oid": "5fd878767ad40d36f88b423c"
      },
      "name": "’Fahita Sandwish",
      "expiryDate": "2020-11-06",
      "productImg": "https://potatorolls.com/wp-content/uploads/Chicken-Fajita-Grilled-Cheese.jpg"
    }
  ],
  "createdAt": {
    "$date": "2020-12-15T08:48:54.705Z"
  },
  "updatedAt": {
    "$date": "2020-12-15T08:48:54.705Z"
  },
  "__v": 0
},{
  "_id": {
    "$oid": "5fd878767ad40d36f88b421e"
  },
  "images": "https://lippieismylife.files.wordpress.com/2013/09/bedouin-cafe-001.jpg",
  "title": "Abou Wadih",
  "Products": [
    {
      "discountedPrice": 500,
      "_id": {
        "$oid": "5fd878767ad40d36f88b421f"
      },
      "name": "Cheese",
      "expiryDate": "2020-11-14",
      "productImg": "https://modernrestaurantmanagement.com/assets/media/2018/08/cheeseboard-1600x655.jpg"
    },
    {
      "discountedPrice": 8500,
      "_id": {
        "$oid": "5fd878767ad40d36f88b4220"
      },
      "name": "Pizza",
      "expiryDate": "2020-11-14",
      "productImg": "https://tmbidigitalassetsazure.blob.core.windows.net/rms3-prod/attachments/37/1200x1200/Homemade-Pizza_EXPS_HCA20_376_E07_09_2b.jpg"
    },
    {
      "discountedPrice": 1500,
      "_id": {
        "$oid": "5fd878767ad40d36f88b4221"
      },
      "name": "Labne",
      "expiryDate": "2020-11-15",
      "productImg": "https://cdn.nogarlicnoonions.com/images/thumbs/image.php/image_5961ac07ee3a5edd39be0b0601fe6f87.jpg?width=700&height=400&cropratio=700:400&image=/images/articles/2020-03/tarik-nahel-faraya-lebanon-nogarlicnoonions-152020-03-27-11-59-00.jpeg"
    },
    {
      "discountedPrice": 6500,
      "_id": {
        "$oid": "5fd878767ad40d36f88b4222"
      },
      "name": "Meat",
      "expiryDate": "2020-11-08",
      "productImg": "https://i1.wp.com/travelingwiththyme.com/wp-content/uploads/2017/05/SteakBarSushi-Restaurant-Lebanon-1.png?ssl=1"
    },
    {
      "discountedPrice": 5000,
      "_id": {
        "$oid": "5fd878767ad40d36f88b4223"
      },
      "name": "Chicken ",
      "expiryDate": "2020-11-10",
      "productImg": "https://cdn.nogarlicnoonions.com/images/thumbs/image.php/image_a5ac08e877b981f0ff616a70bb2d4001.jpg?width=700&height=400&cropratio=700:400&image=/images/articles/2016-04/madfry-chicken-seoul-korea182016-04-25-08-18-21.jpg"
    },
    {
      "discountedPrice": 5500,
      "_id": {
        "$oid": "5fd878767ad40d36f88b4224"
      },
      "name": "Pickles",
      "expiryDate": "2020-11-09",
      "productImg": "https://rinnoo.net/f/CMS/Attachments/2015/2/19/8981_10675800_306268842907416_1047617689205176095_N_-_Qu80_RT1600x1024-_OS778x519-_RD778x519-.jpg"
    }
  ],
  "createdAt": {
    "$date": "2020-12-15T08:48:54.705Z"
  },
  "updatedAt": {
    "$date": "2020-12-15T08:48:54.705Z"
  },
  "__v": 0
}]