[{
  "_id": {
    "$oid": "5fd878bc7ad40d36f88b425b"
  },
  "cart": [
    {
      "id": "5fd878767ad40d36f88b4248",
      "productName": "Nescafe Espresso",
      "productPrice": 26990,
      "quantity": 1,
      "productImg": "https://images.ssstatic.com/nescafe-cafe-sticks-original-les-25-sticks-de-1-8-g-10599093z1-17151475.jpg",
      "totalprice": 26990,
      "date": 1608022159986
    },
    {
      "id": "5fd878767ad40d36f88b4251",
      "productName": "Ketshup Xtra",
      "productPrice": 37999,
      "quantity": 1,
      "productImg": "https://www.my-trolley.com/wp-content/uploads/2020/07/62.png",
      "totalprice": 37999,
      "date": 1608022161296
    },
    {
      "id": "5fd878767ad40d36f88b4252",
      "productName": "Loacker",
      "productPrice": 7990,
      "quantity": 1,
      "productImg": "https://www.loacker.com/typo3temp/assets/_processed_/3/0/csm_INT_prod_wafers_quadratini_espresso_220gr_producttail_600x600px_edae5caf3b.jpg",
      "totalprice": 7990,
      "date": 1608022163053
    },
    {
      "id": "5fd878767ad40d36f88b4253",
      "productName": "Loacker",
      "productPrice": 8990,
      "quantity": 1,
      "productImg": "https://www.londondrugs.com/on/demandware.static/-/Sites-londondrugs-master/default/dwdd060085/products/L2369379/large/L2369379.JPG",
      "totalprice": 8990,
      "date": 1608022163811
    },
    {
      "id": "5fd878767ad40d36f88b4254",
      "productName": "Nesquick",
      "productPrice": 12499,
      "quantity": 1,
      "productImg": "https://cdn11.bigcommerce.com/s-podjif72xf/images/stencil/1280x1280/products/12220/7565/8690632047942__41601.1591417974.jpg?c=2",
      "totalprice": 12499,
      "date": 1608022166083
    },
    {
      "id": "5fd878767ad40d36f88b4255",
      "productName": "Nesquick",
      "productPrice": 15990,
      "quantity": 1,
      "productImg": "https://cdnprod.mafretailproxy.com/cdn-cgi/image/format=auto,onerror=redirect/sys-master-prod/h01/h9b/9885347545118/1215430_main.jpg_1700Wx1700H",
      "totalprice": 15990,
      "date": 1608022166717
    },
    {
      "id": "5fd878767ad40d36f88b424f",
      "productName": "Mayonaise Lesieur",
      "productPrice": 20999,
      "quantity": 1,
      "productImg": "https://cdnprod.mafretailproxy.com/cdn-cgi/image/format=auto,onerror=redirect/sys-master-prod/h95/hcb/9107127828510/9356_main.jpg_1700Wx1700H",
      "totalprice": 20999,
      "date": 1608022174330
    }
  ],
  "userId": "5fd878877ad40d36f88b425a",
  "fullname": "Yara El khoury Mikhael ",
  "phoneNumber": "03666555",
  "address": "koura",
  "cardNumber": "undefined",
  "monthExpiration": "undefined",
  "yearExpiration": "undefined",
  "cvv": "undefined",
  "createdAt": {
    "$date": "2020-12-15T08:50:04.266Z"
  },
  "updatedAt": {
    "$date": "2020-12-15T08:50:04.266Z"
  },
  "__v": 0
},{
  "_id": {
    "$oid": "5fd9c39069051f400ce63a35"
  },
  "cart": [
    {
      "id": "5fd878767ad40d36f88b421f",
      "productName": "Cheese",
      "productPrice": 500,
      "quantity": 1,
      "productImg": "https://modernrestaurantmanagement.com/assets/media/2018/08/cheeseboard-1600x655.jpg",
      "totalprice": 500,
      "date": 1608106692266
    },
    {
      "id": "5fd878767ad40d36f88b4220",
      "productName": "Pizza",
      "productPrice": 8500,
      "quantity": 1,
      "productImg": "https://tmbidigitalassetsazure.blob.core.windows.net/rms3-prod/attachments/37/1200x1200/Homemade-Pizza_EXPS_HCA20_376_E07_09_2b.jpg",
      "totalprice": 8500,
      "date": 1608106694754
    },
    {
      "id": "5fd878767ad40d36f88b4251",
      "productName": "Ketshup Xtra",
      "productPrice": 37999,
      "quantity": 2,
      "productImg": "https://www.my-trolley.com/wp-content/uploads/2020/07/62.png",
      "totalprice": 75998,
      "date": 1608106726092
    },
    {
      "id": "5fd878767ad40d36f88b4248",
      "productName": "Nescafe Espresso",
      "productPrice": 26990,
      "quantity": 1,
      "productImg": "https://images.ssstatic.com/nescafe-cafe-sticks-original-les-25-sticks-de-1-8-g-10599093z1-17151475.jpg",
      "totalprice": 26990,
      "date": 1608106730650
    }
  ],
  "userId": "5fd878877ad40d36f88b425a",
  "fullname": "Yara El khoury Mikhael ",
  "phoneNumber": "03666555",
  "address": "koura",
  "cardNumber": "undefined",
  "monthExpiration": "undefined",
  "yearExpiration": "undefined",
  "cvv": "undefined",
  "createdAt": {
    "$date": "2020-12-16T08:21:37.156Z"
  },
  "updatedAt": {
    "$date": "2020-12-16T08:21:37.156Z"
  },
  "__v": 0
}]