[{
  "_id": {
    "$oid": "5fd878767ad40d36f88b4248"
  },
  "ProductImage": "https://images.ssstatic.com/nescafe-cafe-sticks-original-les-25-sticks-de-1-8-g-10599093z1-17151475.jpg",
  "ProductPrice": "34000",
  "ProductDiscountedPrice": 26990,
  "ProductExpiryDate": "2021",
  "ProductName": "Nescafe Espresso",
  "__v": 0
},{
  "_id": {
    "$oid": "5fd878767ad40d36f88b4251"
  },
  "ProductImage": "https://www.my-trolley.com/wp-content/uploads/2020/07/62.png",
  "ProductPrice": "42000",
  "ProductDiscountedPrice": 37999,
  "ProductExpiryDate": "2021",
  "ProductName": "Ketshup Xtra",
  "__v": 0
},{
  "_id": {
    "$oid": "5fd878767ad40d36f88b4252"
  },
  "ProductImage": "https://www.loacker.com/typo3temp/assets/_processed_/3/0/csm_INT_prod_wafers_quadratini_espresso_220gr_producttail_600x600px_edae5caf3b.jpg",
  "ProductPrice": "11900",
  "ProductDiscountedPrice": 7990,
  "ProductExpiryDate": "2021",
  "ProductName": "Loacker",
  "__v": 0
},{
  "_id": {
    "$oid": "5fd878767ad40d36f88b4253"
  },
  "ProductImage": "https://www.londondrugs.com/on/demandware.static/-/Sites-londondrugs-master/default/dwdd060085/products/L2369379/large/L2369379.JPG",
  "ProductPrice": "12900",
  "ProductDiscountedPrice": 8990,
  "ProductExpiryDate": "2021",
  "ProductName": "Loacker",
  "__v": 0
},{
  "_id": {
    "$oid": "5fd878767ad40d36f88b4254"
  },
  "ProductImage": "https://cdn11.bigcommerce.com/s-podjif72xf/images/stencil/1280x1280/products/12220/7565/8690632047942__41601.1591417974.jpg?c=2",
  "ProductPrice": "15900",
  "ProductDiscountedPrice": 12499,
  "ProductExpiryDate": "2021",
  "ProductName": "Nesquick",
  "__v": 0
},{
  "_id": {
    "$oid": "5fd878767ad40d36f88b4255"
  },
  "ProductImage": "https://cdnprod.mafretailproxy.com/cdn-cgi/image/format=auto,onerror=redirect/sys-master-prod/h01/h9b/9885347545118/1215430_main.jpg_1700Wx1700H",
  "ProductPrice": "17900",
  "ProductDiscountedPrice": 15990,
  "ProductExpiryDate": "2021",
  "ProductName": "Nesquick",
  "__v": 0
},{
  "_id": {
    "$oid": "5fd878767ad40d36f88b4256"
  },
  "ProductImage": "https://www.luluhypermarket.com/medias/263866-000001.jpg-1200Wx1200H?context=bWFzdGVyfGltYWdlc3wxNjkzMzN8aW1hZ2UvanBlZ3xpbWFnZXMvaGQ3L2g1OC85MDgxNzQwOTUxNTgyLmpwZ3w5YjMzMDcwMzNjMjhkYmM5OWM3MGViZjhlOTMwMTg1NmE0NjFlOGUyODNjMmFkNDllNTBlMDkxNDczODYxODgx",
  "ProductPrice": "18990",
  "ProductDiscountedPrice": 16990,
  "ProductExpiryDate": "2021",
  "ProductName": "Cofee Mate",
  "__v": 0
},{
  "_id": {
    "$oid": "5fd878767ad40d36f88b4257"
  },
  "ProductImage": "https://images.ssstatic.com/nescafe-cafe-sticks-original-les-25-sticks-de-1-8-g-10599093z1-17151475.jpg",
  "ProductPrice": "12990",
  "ProductDiscountedPrice": 9499,
  "ProductExpiryDate": "2021",
  "ProductName": "Picon",
  "__v": 0
},{
  "_id": {
    "$oid": "5fd878767ad40d36f88b4258"
  },
  "ProductImage": "https://www.puckarabia.com/siteassets/products/product-shots/milk-premium-evaporated-milk.png",
  "ProductPrice": "12990",
  "ProductDiscountedPrice": 10990,
  "ProductExpiryDate": "2021",
  "ProductName": "Puck",
  "__v": 0
},{
  "_id": {
    "$oid": "5fd878767ad40d36f88b4259"
  },
  "ProductImage": "https://www.mozzaik.shop/media/image/f6/18/b4/_DSC3455_1280x1280.jpg",
  "ProductPrice": "12990",
  "ProductDiscountedPrice": 8999,
  "ProductExpiryDate": "2021",
  "ProductName": "Kiri",
  "__v": 0
},{
  "_id": {
    "$oid": "5fd878767ad40d36f88b424b"
  },
  "ProductImage": "https://www.central-bazaar.com/wp-content/uploads/2020/02/Zwan20CLM20340g11.jpg",
  "ProductPrice": "13999",
  "ProductDiscountedPrice": 10999,
  "ProductExpiryDate": "2021",
  "ProductName": "Zwan",
  "__v": 0
},{
  "_id": {
    "$oid": "5fd878767ad40d36f88b4249"
  },
  "ProductImage": "https://i8.rozetka.ua/goods/18120501/nescafe_7613036115797_images_18120501811.jpg",
  "ProductPrice": "30000",
  "ProductDiscountedPrice": 24990,
  "ProductExpiryDate": "2021",
  "ProductName": "Nescafe 3-In-1",
  "__v": 0
},{
  "_id": {
    "$oid": "5fd878767ad40d36f88b424a"
  },
  "ProductImage": "https://2.bp.blogspot.com/-PUs9RdLXfg0/W6CM1hYIC0I/AAAAAAAAAd8/dRP7gUTzaOQVTtMcoQicuqcs8MdxWMSPgCEwYBhgL/s1600/42384011_1_640x640.jpg",
  "ProductPrice": "35000",
  "ProductDiscountedPrice": 27990,
  "ProductExpiryDate": "2021",
  "ProductName": "Nescafe Gold",
  "__v": 0
},{
  "_id": {
    "$oid": "5fd878767ad40d36f88b424c"
  },
  "ProductImage": "https://feedo.shop/image/cache/catalog/Products%20Images/Food-Cupboard/Cans-Tins-Jars/Meat/ZWAN-CHICKEN-LUNCHEON-MEAT-HALAL-850g-550x550.jpg",
  "ProductPrice": "25999",
  "ProductDiscountedPrice": 21999,
  "ProductExpiryDate": "2021",
  "ProductName": "Zwan",
  "__v": 0
},{
  "_id": {
    "$oid": "5fd878767ad40d36f88b424e"
  },
  "ProductImage": "https://cdnprod.mafretailproxy.com/cdn-cgi/image/format=auto,onerror=redirect/sys-master-prod/h2f/hb1/9115886714910/976980_main.jpg_480Wx480H",
  "ProductPrice": "33900",
  "ProductDiscountedPrice": 27990,
  "ProductExpiryDate": "2021",
  "ProductName": "Hotdog Zwan",
  "__v": 0
},{
  "_id": {
    "$oid": "5fd878767ad40d36f88b4250"
  },
  "ProductImage": "https://cdnimg.webstaurantstore.com/images/products/large/88053/1978247.jpg",
  "ProductPrice": "22900",
  "ProductDiscountedPrice": 18990,
  "ProductExpiryDate": "2021",
  "ProductName": "Ketshup",
  "__v": 0
},{
  "_id": {
    "$oid": "5fd878767ad40d36f88b424d"
  },
  "ProductImage": "https://cozmo.jo/pub/media/catalog/product/cache/ecd051e9670bd57df35c8f0b122d8aea/5/5/5501248082377.jpg",
  "ProductPrice": "18999",
  "ProductDiscountedPrice": 14499,
  "ProductExpiryDate": "2021",
  "ProductName": "Hotdog Zwan",
  "__v": 0
},{
  "_id": {
    "$oid": "5fd878767ad40d36f88b424f"
  },
  "ProductImage": "https://cdnprod.mafretailproxy.com/cdn-cgi/image/format=auto,onerror=redirect/sys-master-prod/h95/hcb/9107127828510/9356_main.jpg_1700Wx1700H",
  "ProductPrice": "25990",
  "ProductDiscountedPrice": 20999,
  "ProductExpiryDate": "2021",
  "ProductName": "Mayonaise Lesieur",
  "__v": 0
}]