[{
  "_id": {
    "$oid": "5fd878767ad40d36f88b423e"
  },
  "userId": "1234",
  "marketName": "Falafelna",
  "reservedBy": "Yara",
  "reservationDate": "Saturday",
  "numberOfPeople": 5,
  "otherComments": "No Comment",
  "__v": 0
},{
  "_id": {
    "$oid": "5fd878767ad40d36f88b423f"
  },
  "userId": "1234",
  "marketName": "Abou Wadih",
  "reservedBy": "Sandy",
  "reservationDate": "Saturday",
  "numberOfPeople": 5,
  "otherComments": "No Comment",
  "__v": 0
},{
  "_id": {
    "$oid": "5fd878767ad40d36f88b4240"
  },
  "userId": "1234",
  "marketName": "Mashawi",
  "reservedBy": "Fouad",
  "reservationDate": "Saturday",
  "numberOfPeople": 8,
  "otherComments": "No Comment",
  "__v": 0
},{
  "_id": {
    "$oid": "5fd878767ad40d36f88b4241"
  },
  "userId": "1234",
  "marketName": "Mashawi",
  "reservedBy": "Pierre",
  "reservationDate": "Saturday",
  "numberOfPeople": 15,
  "otherComments": "No Comment",
  "__v": 0
},{
  "_id": {
    "$oid": "5fd878767ad40d36f88b4242"
  },
  "userId": "1234",
  "marketName": "Mashawi",
  "reservedBy": "Souad",
  "reservationDate": "Saturday",
  "numberOfPeople": 12,
  "otherComments": "No Comment",
  "__v": 0
},{
  "_id": {
    "$oid": "5fd878767ad40d36f88b4243"
  },
  "userId": "1234",
  "marketName": "Mashawi",
  "reservedBy": "Robert",
  "reservationDate": "Wednesday",
  "numberOfPeople": 7,
  "otherComments": "No Comment",
  "__v": 0
},{
  "_id": {
    "$oid": "5fd878767ad40d36f88b4244"
  },
  "userId": "1234",
  "marketName": "Home Made",
  "reservedBy": "Yara",
  "reservationDate": "Saturday",
  "numberOfPeople": 2,
  "otherComments": "No Comment",
  "__v": 0
},{
  "_id": {
    "$oid": "5fd878767ad40d36f88b4245"
  },
  "userId": "1234",
  "marketName": "Falafelna",
  "reservedBy": "Tony",
  "reservationDate": "Saturday",
  "numberOfPeople": 5,
  "otherComments": "No Comment",
  "__v": 0
},{
  "_id": {
    "$oid": "5fd878767ad40d36f88b4246"
  },
  "userId": "1234",
  "marketName": "Falafelna",
  "reservedBy": "Yara",
  "reservationDate": "Friday",
  "numberOfPeople": 5,
  "otherComments": "No Comment",
  "__v": 0
},{
  "_id": {
    "$oid": "5fd878767ad40d36f88b4247"
  },
  "userId": "1234",
  "marketName": "Abou Wadih",
  "reservedBy": "Yara",
  "reservationDate": "Tuesday",
  "numberOfPeople": 6,
  "otherComments": "No Comment",
  "__v": 0
},{
  "_id": {
    "$oid": "5fd879137ad40d36f88b425c"
  },
  "userId": "5fd878877ad40d36f88b425a",
  "marketName": "Burger Queen",
  "numberOfPeople": 2,
  "reservedBy": "yara",
  "otherComments": "table with view",
  "reservationDate": "25 august",
  "__v": 0
},{
  "_id": {
    "$oid": "5fd87c0c7ad40d36f88b425e"
  },
  "userId": "5fd878877ad40d36f88b425a",
  "marketName": "Home Made",
  "numberOfPeople": 5,
  "reservedBy": "maya",
  "otherComments": "nothing to add",
  "reservationDate": "20 december",
  "__v": 0
}]